45.23614523,19.88776034,1,3A
45.23601024,19.88789637,2,3A
45.23598808,19.88796438,3,3A
45.23599047,19.8880324,4,3A
45.23603774,19.88813356,5,3A
45.23608877,19.8881439,6,3A
45.23614357,19.88810329,7,3A
45.23629385,19.88797569,8,3A
45.23643279,19.88786285,9,3A
45.2365015,19.88780984,10,3A
45.23679024,19.88757292,11,3A
45.23703672,19.88738366,12,3A
45.23730492,19.88717696,13,3A
45.23778136,19.8867924,14,3A
45.23823512,19.88642393,15,3A
45.24021067,19.88487764,16,3A
45.24069572,19.88449428,17,3A
45.24093446,19.88429188,18,3A
45.24104628,19.88417994,19,3A
45.2411581,19.88405997,20,3A
45.24150371,19.88367373,21,3A
45.2415972,19.88357851,22,3A
45.24169635,19.88348061,23,3A
45.24180494,19.88335589,24,3A
45.24187435,19.88327341,25,3A
45.24193998,19.88319629,26,3A
45.24208729,19.88299647,27,3A
45.24219494,19.88285834,28,3A
45.24246878,19.88252306,29,3A
45.24274923,19.88226289,30,3A
45.24289229,19.88215292,31,3A
45.24305045,19.88203758,32,3A
45.24336584,19.88181362,33,3A
45.24367745,19.88159502,34,3A
45.24414485,19.88124901,35,3A
45.24461604,19.88093251,36,3A
45.24483038,19.88079438,37,3A
45.24504283,19.88063478,38,3A
45.24536482,19.88042289,39,3A
45.24567925,19.88019758,40,3A
45.24584024,19.88009499,41,3A
45.24600123,19.87998435,42,3A
45.24615655,19.879867,43,3A
45.24631943,19.87976575,44,3A
45.24651772,19.87960348,45,3A
45.24670467,19.87942511,46,3A
45.24705403,19.87905765,47,3A
45.24732596,19.87877333,48,3A
45.24772252,19.87833077,49,3A
45.24794252,19.87809205,50,3A
45.24812947,19.87787613,51,3A
45.24833436,19.87764546,52,3A
45.24841933,19.87753214,53,3A
45.24848165,19.87742418,54,3A
45.24861572,19.8772257,55,3A
45.24875735,19.87701648,56,3A
45.24887632,19.87683544,57,3A
45.24907554,19.8765243,58,3A
45.24912534,19.87646093,59,3A
45.2491676,19.87639488,60,3A
45.24927948,19.87623596,61,3A
45.24934416,19.87615348,62,3A
45.24940317,19.87605759,63,3A
45.24948908,19.8759255,64,3A
45.24957312,19.87578535,65,3A
45.24967981,19.87561637,66,3A
45.24978461,19.87546214,67,3A
45.24988469,19.87531596,68,3A
45.25012073,19.87499142,69,3A
45.25018281,19.87490827,70,3A
45.25023922,19.87481976,71,3A
45.25035205,19.87464005,72,3A
45.25050028,19.87440401,73,3A
45.25060413,19.87425917,74,3A
45.25070421,19.87412775,75,3A
45.25095536,19.87378711,76,3A
45.25117817,19.87348402,77,3A
45.2513028,19.87331504,78,3A
45.25142554,19.87313533,79,3A
45.25161908,19.87287113,80,3A
45.2517168,19.87273099,81,3A
45.25181735,19.8725962,82,3A
45.25202034,19.87230921,83,3A
45.25215588,19.8721249,84,3A
45.2522246,19.8720314,85,3A
45.25225801,19.87198599,86,3A
45.25227821,19.8719379,87,3A
45.25234335,19.8717421,88,3A
45.25237026,19.87158117,89,3A
45.25239906,19.87142023,90,3A
45.25241699,19.87129015,91,3A
45.25242738,19.87116006,92,3A
45.25243871,19.87090123,93,3A
45.25245476,19.87063971,94,3A
45.25248308,19.87010059,95,3A
45.25249515,19.86990248,96,3A
45.25250628,19.8697017,97,3A
45.25252799,19.86932619,98,3A
45.25257614,19.86845849,99,3A
45.25259361,19.86810176,100,3A
45.25262807,19.86774771,101,3A
45.25264695,19.86765718,102,3A
45.25267905,19.86754788,103,3A
45.25278573,19.86714287,104,3A
45.25287684,19.86685789,105,3A
45.25298116,19.86658765,106,3A
45.25301468,19.86651121,107,3A
45.25305575,19.86644013,108,3A
45.25311428,19.86634357,109,3A
45.25323702,19.86613302,110,3A
45.25329461,19.86602774,111,3A
45.25335975,19.86592515,112,3A
45.25370011,19.86542091,113,3A
45.25386369,19.86518221,114,3A
45.25405464,19.86490461,115,3A
45.25422835,19.86470344,116,3A
45.25427338,19.86464538,117,3A
45.25432597,19.8645578,118,3A
45.25439488,19.86444381,119,3A
45.25443406,19.86438078,120,3A
45.25446758,19.86431506,121,3A
45.25452328,19.86417961,122,3A
45.25457237,19.86405623,123,3A
45.25460494,19.86397912,124,3A
45.25462807,19.86389127,125,3A
45.25464412,19.86381282,126,3A
45.25465262,19.86373168,127,3A
45.25465687,19.8636767,128,3A
45.25465545,19.86362171,129,3A
45.25465734,19.86356807,130,3A
45.25465356,19.86351174,131,3A
45.25465144,19.86342859,132,3A
45.25466442,19.86334008,133,3A
45.25468849,19.86316842,134,3A
45.25472012,19.86291428,135,3A
45.25474419,19.86265477,136,3A
45.25479234,19.86223501,137,3A
45.25483876,19.86183804,138,3A
45.25486913,19.86143705,139,3A
45.25490972,19.86106758,140,3A
45.2549227,19.8609742,141,3A
45.25492919,19.86092685,142,3A
45.25493285,19.86088083,143,3A
45.25494277,19.86069408,144,3A
45.25494135,19.86047045,145,3A
45.25494111,19.86035797,146,3A
45.25493864,19.86030239,147,3A
45.25493332,19.86024682,148,3A
45.25490595,19.86000408,149,3A
45.25489273,19.85980292,150,3A
45.25487668,19.85953604,151,3A
45.25485893,19.85908145,152,3A
45.2548072,19.8586054,153,3A
45.25476943,19.85818966,154,3A
45.25473356,19.85781951,155,3A
45.2546467,19.85692365,156,3A
45.25462027,19.8566152,157,3A
45.25449263,19.85526109,158,3A
45.25443882,19.85469782,159,3A
45.254385,19.85413456,160,3A
45.25433497,19.85356996,161,3A
45.25428304,19.85300267,162,3A
45.2541773,19.85190028,163,3A
45.25405316,19.85055381,164,3A
45.25391768,19.84920734,165,3A
45.2537822,19.84768117,166,3A
45.253754,19.84731169,167,3A
45.25371824,19.84692076,168,3A
45.25364861,19.84615767,169,3A
45.25356506,19.84531143,170,3A
45.253528,19.84489502,171,3A
45.25350228,19.84447861,172,3A
45.25350889,19.84403873,173,3A
45.25354948,19.84373832,174,3A
45.2536354,19.84347546,175,3A
45.25371376,19.84327832,176,3A
45.25381855,19.84308118,177,3A
45.2539224,19.84292025,178,3A
45.25398471,19.84284648,179,3A
45.2540508,19.84277809,180,3A
45.254098,19.84272914,181,3A
45.25415653,19.84269092,182,3A
45.25426227,19.84261984,183,3A
45.25462952,19.84236033,184,3A
45.25499488,19.84210351,185,3A
45.25535079,19.84184803,186,3A
45.2555363,19.84174443,187,3A
45.25572181,19.84165692,188,3A
45.25577751,19.84162273,189,3A
45.25582047,19.84161099,190,3A
45.25585587,19.84163144,191,3A
45.25598992,19.84162474,192,3A
45.2562165,19.84161401,193,3A
45.25649405,19.84161401,194,3A
45.25663094,19.84161401,195,3A
45.25676782,19.84159792,196,3A
45.25697362,19.84160864,197,3A
45.25717187,19.84165156,198,3A
45.25755704,19.84181786,199,3A
45.25776926,19.84190789,200,3A
45.25792408,19.84197226,201,3A
45.25805246,19.84202322,202,3A
45.25809966,19.84179524,203,3A
45.25813082,19.84162491,204,3A
45.25817519,19.8413929,205,3A
45.25838948,19.84019932,206,3A
45.25855761,19.83924906,207,3A
45.25865111,19.83872833,208,3A
45.25872385,19.83829343,209,3A
45.2588579,19.83757192,210,3A
45.25901083,19.83677128,211,3A
45.25917509,19.83598673,212,3A
45.25924117,19.83571851,213,3A
45.25927798,19.83559044,214,3A
45.25933179,19.83546504,215,3A
45.25953286,19.83513714,216,3A
45.25959163,19.83505114,217,3A
45.25965794,19.83497051,218,3A
45.25978869,19.83483606,219,3A
45.25993784,19.83469525,220,3A
45.26009831,19.83459601,221,3A
45.26044381,19.83439886,222,3A
45.26069208,19.83425537,223,3A
45.26092666,19.83412059,224,3A
45.26104961,19.83404917,225,3A
45.26119522,19.83396032,226,3A
45.26106306,19.83348121,227,3A
45.26095356,19.83309598,228,3A
45.26071568,19.83219141,229,3A
45.26049384,19.83133444,230,3A
45.26028145,19.83062701,231,3A
45.26021584,19.83040606,232,3A
45.2601559,19.83018512,233,3A
45.26005914,19.82982704,234,3A
45.25995483,19.82944617,235,3A
45.25982645,19.82896739,236,3A
45.25973299,19.82862541,237,3A
45.25964501,19.82822326,238,3A
45.25962495,19.82810591,239,3A
45.25961055,19.82798857,240,3A
45.25958365,19.82775387,241,3A
45.25953645,19.82731801,242,3A
45.25951191,19.82704476,243,3A
45.2594817,19.82676883,244,3A
45.25945527,19.82649223,245,3A
45.25942317,19.82621563,246,3A
45.25931461,19.82517158,247,3A
45.25925655,19.82464955,248,3A
45.25920133,19.82413021,249,3A
45.25915252,19.82367329,250,3A
45.25910655,19.82321772,251,3A
45.2590787,19.82293408,252,3A
45.2592406,19.82274029,253,3A
45.25992547,19.82195507,254,3A
45.26025941,19.82157856,255,3A
45.26061222,19.82118461,256,3A
45.2618677,19.81977846,257,3A
45.26249166,19.81907941,258,3A
45.2631241,19.81832537,259,3A
45.26350026,19.81792103,260,3A
45.26385942,19.81752742,261,3A
45.26403952,19.81733313,262,3A
45.2642083,19.81716299,263,3A
45.26402801,19.81683777,264,3A
45.26384017,19.81651792,265,3A
45.26365044,19.81617795,266,3A
45.26345599,19.81586212,267,3A
45.263279,19.8155644,268,3A
45.26311145,19.81528545,269,3A
45.26267724,19.81451297,270,3A
45.26245541,19.81412003,271,3A
45.26224396,19.81373111,272,3A
45.26205942,19.81340455,273,3A
45.26193246,19.81317857,274,3A
45.26185033,19.81302166,275,3A
45.26190131,19.8129479,276,3A
45.26198607,19.81283677,277,3A
45.26214466,19.81262621,278,3A
45.26228625,19.81244114,279,3A
45.26244342,19.81228289,280,3A
45.26260059,19.81214878,281,3A
45.26276483,19.81203479,282,3A
45.26339916,19.81159356,283,3A
45.26373803,19.81135753,284,3A
45.26401272,19.81116173,285,3A
45.264395,19.81089619,286,3A
45.26478106,19.81063199,287,3A
45.26505857,19.81044558,288,3A
45.26558338,19.81008214,289,3A
45.26570609,19.80999832,290,3A
45.26582502,19.80991852,291,3A
45.26590242,19.80985817,292,3A
45.26592979,19.80982934,293,3A
45.26595339,19.80980319,294,3A
45.26598359,19.80976228,295,3A
45.26587505,19.80958526,296,3A
45.26582502,19.80950748,297,3A
45.26575942,19.80940153,298,3A
45.26566857,19.80925166,299,3A
45.26558622,19.80910581,300,3A
45.2655074,19.80896634,301,3A
45.2654595,19.80888621,302,3A
45.26541443,19.80879133,303,3A
45.26529785,19.80850835,304,3A
45.26517798,19.80821599,305,3A
45.26507893,19.80823284,1,3B
45.26474715,19.80843803,2,3B
45.26453807,19.80857483,3,3B
45.26428044,19.80874864,4,3B
45.26402281,19.80893051,5,3B
45.26375197,19.80912578,6,3B
45.26347452,19.80931167,7,3B
45.26307972,19.80959163,8,3B
45.26267736,19.80987427,9,3B
45.26226367,19.81014618,10,3B
45.26203795,19.81030895,11,3B
45.26182261,19.81045161,12,3B
45.26153989,19.8106387,13,3B
45.26129281,19.81089317,14,3B
45.26114614,19.81104455,15,3B
45.26108225,19.8111028,16,3B
45.26099381,19.81117179,17,3B
45.26109953,19.81154864,18,3B
45.26118071,19.81180143,19,3B
45.26127322,19.8120596,20,3B
45.26137234,19.81229965,21,3B
45.26153187,19.81272478,22,3B
45.26160456,19.81289645,23,3B
45.26169895,19.81311907,24,3B
45.26181978,19.81334437,25,3B
45.2618868,19.81345971,26,3B
45.26202839,19.81371452,27,3B
45.26236963,19.81431802,28,3B
45.26262143,19.81477399,29,3B
45.26284302,19.81516023,30,3B
45.26328196,19.81590186,31,3B
45.26357788,19.81639203,32,3B
45.26375581,19.81668507,33,3B
45.26401161,19.8171102,34,3B
45.26398613,19.81707399,35,3B
45.26400807,19.81711254,36,3B
45.26398094,19.8171511,37,3B
45.26391533,19.81721748,38,3B
45.26377752,19.81735159,39,3B
45.26360478,19.81754874,40,3B
45.26346011,19.81770372,41,3B
45.26325486,19.8179228,42,3B
45.26304679,19.81814591,43,3B
45.26275146,19.81847544,44,3B
45.26235925,19.81891666,45,3B
45.26196704,19.81937264,46,3B
45.26159795,19.81979375,47,3B
45.26119487,19.82026313,48,3B
45.26108443,19.82028593,49,3B
45.26086813,19.82050759,50,3B
45.26084332,19.82060006,51,3B
45.26083173,19.82067643,52,3B
45.26068676,19.82083789,53,3B
45.26060747,19.82093579,54,3B
45.26039111,19.82118063,55,3B
45.26018107,19.82141398,56,3B
45.25996348,19.82167147,57,3B
45.25981008,19.82184045,58,3B
45.25964535,19.82204027,59,3B
45.25950398,19.82219584,60,3B
45.25936826,19.82235141,61,3B
45.25925026,19.82248552,62,3B
45.25916152,19.8225861,63,3B
45.25909686,19.82265316,64,3B
45.25904919,19.82273094,65,3B
45.25897933,19.82284226,66,3B
45.25897272,19.82307158,67,3B
45.25904258,19.82380919,68,3B
45.25912754,19.82461117,69,3B
45.25918701,19.82505642,70,3B
45.2593036,19.82610181,71,3B
45.25940885,19.82721157,72,3B
45.25946124,19.82765011,73,3B
45.2595042,19.82805647,74,3B
45.25954502,19.82838538,75,3B
45.25958774,19.82865795,76,3B
45.25964202,19.8288504,77,3B
45.25982327,19.82950218,78,3B
45.26020536,19.83086541,79,3B
45.26044078,19.8317254,80,3B
45.26056981,19.8321983,81,3B
45.26069035,19.8326873,82,3B
45.26075997,19.83290121,83,3B
45.26081637,19.83312584,84,3B
45.26086994,19.83333036,85,3B
45.26105378,19.83400561,86,3B
45.26084055,19.83411022,87,3B
45.26054803,19.83428456,88,3B
45.26036902,19.83438481,89,3B
45.26018246,19.8344931,90,3B
45.26009065,19.83455513,91,3B
45.25999366,19.83459435,92,3B
45.25987802,19.83467616,93,3B
45.2597999,19.83476333,94,3B
45.25973689,19.83482905,95,3B
45.25963423,19.83488537,96,3B
45.25946148,19.83515929,97,3B
45.25937062,19.83531855,98,3B
45.25924318,19.83557269,99,3B
45.25919976,19.83575173,100,3B
45.25915161,19.83595826,101,3B
45.25908624,19.83627409,102,3B
45.25901803,19.83660534,103,3B
45.25890711,19.83714245,104,3B
45.25868482,19.83833369,105,3B
45.2584833,19.83952492,106,3B
45.25825817,19.84071482,107,3B
45.25823116,19.84091775,108,3B
45.25815788,19.84130709,109,3B
45.25809452,19.84160858,110,3B
45.25806709,19.84176872,111,3B
45.25803446,19.84196439,112,3B
45.25758983,19.84176289,113,3B
45.25735358,19.84165912,114,3B
45.25714188,19.84157681,115,3B
45.25702836,19.84154949,116,3B
45.25691484,19.84154362,117,3B
45.2567743,19.84153834,118,3B
45.25662809,19.84154111,119,3B
45.2564748,19.84153851,120,3B
45.25637673,19.84150775,121,3B
45.25616692,19.84145276,122,3B
45.25607145,19.84144337,123,3B
45.2559014,19.84141186,124,3B
45.25577679,19.84142795,125,3B
45.25560969,19.84148026,126,3B
45.25551434,19.84151311,127,3B
45.25543692,19.84154731,128,3B
45.25536222,19.84158629,129,3B
45.2552762,19.84163465,130,3B
45.25511452,19.8417354,131,3B
45.25497032,19.84183347,132,3B
45.2548228,19.84194092,133,3B
45.25467218,19.84204151,134,3B
45.25450786,19.84216422,135,3B
45.25438112,19.84224837,136,3B
45.25426901,19.8423446,137,3B
45.2540809,19.84247133,138,3B
45.25401516,19.84252263,139,3B
45.25392677,19.84261952,140,3B
45.25383095,19.84271742,141,3B
45.25374362,19.84281801,142,3B
45.25369217,19.84290183,143,3B
45.25364543,19.84298296,144,3B
45.25357038,19.84313384,145,3B
45.25351845,19.84326694,146,3B
45.25347314,19.84340005,147,3B
45.25341248,19.84358344,148,3B
45.25337271,19.84381897,149,3B
45.25335182,19.84398477,150,3B
45.25333058,19.84422047,151,3B
45.25335843,19.8446399,152,3B
45.253391,19.84503318,153,3B
45.25342735,19.84540366,154,3B
45.2534755,19.8459059,155,3B
45.25352789,19.84639909,156,3B
45.2535633,19.84683864,157,3B
45.25387981,19.85002242,158,3B
45.25403239,19.85161431,159,3B
45.25419254,19.85321157,160,3B
45.2544404,19.85551693,161,3B
45.25453058,19.85653717,162,3B
45.25462924,19.85746488,163,3B
45.25481903,19.85933505,164,3B
45.25487045,19.85994291,165,3B
45.2548926,19.86025438,166,3B
45.25491266,19.86064766,167,3B
45.25487703,19.86103892,168,3B
45.25483737,19.86144695,169,3B
45.25481755,19.86164058,170,3B
45.25478923,19.861857,171,3B
45.25472147,19.86247089,172,3B
45.25469745,19.86263006,173,3B
45.25468004,19.86281605,174,3B
45.25466735,19.86296182,175,3B
45.254649,19.86311696,176,3B
45.25460746,19.86340329,177,3B
45.25457867,19.86358803,178,3B
45.25449039,19.86386061,179,3B
45.25433651,19.86417912,180,3B
45.25421661,19.86440711,181,3B
45.25415996,19.86451406,182,3B
45.2541137,19.86462504,183,3B
45.2540665,19.86474171,184,3B
45.25404195,19.86479938,185,3B
45.25400513,19.86487716,186,3B
45.25381254,19.86515108,187,3B
45.25371766,19.86529835,188,3B
45.253619,19.86542953,189,3B
45.25352081,19.86558485,190,3B
45.25341602,19.86573614,191,3B
45.2533301,19.86586355,192,3B
45.25325174,19.86597486,193,3B
45.2531073,19.86625113,194,3B
45.25305561,19.86634802,195,3B
45.2529992,19.86643553,196,3B
45.25290809,19.86663602,197,3B
45.25287599,19.86671582,198,3B
45.25284767,19.86679696,199,3B
45.2527922,19.86696225,200,3B
45.25276635,19.86704757,201,3B
45.25274334,19.8671329,202,3B
45.25269637,19.86730222,203,3B
45.25265129,19.86747019,204,3B
45.25262698,19.86755602,205,3B
45.25259134,19.86769885,206,3B
45.25257482,19.86785978,207,3B
45.25255027,19.86810789,208,3B
45.25253422,19.86839086,209,3B
45.25249457,19.86911271,210,3B
45.2524738,19.86947363,211,3B
45.25245397,19.86983255,212,3B
45.25242895,19.8702969,213,3B
45.25241503,19.87053445,214,3B
45.25240157,19.87076193,215,3B
45.25238175,19.87112202,216,3B
45.25237632,19.87121271,217,3B
45.25237183,19.8713081,218,3B
45.25234634,19.87146601,219,3B
45.25232581,19.87158939,220,3B
45.25231554,19.87165544,221,3B
45.25230386,19.87171479,222,3B
45.25228238,19.87177916,223,3B
45.25225995,19.8718442,224,3B
45.25222243,19.87194411,225,3B
45.25218502,19.87199642,226,3B
45.25213958,19.87205878,227,3B
45.25203478,19.87220697,228,3B
45.25192054,19.87236589,229,3B
45.25181008,19.87252079,230,3B
45.25169395,19.87268172,231,3B
45.2515816,19.87283863,232,3B
45.25137885,19.87311523,233,3B
45.25127558,19.87326493,234,3B
45.25116949,19.87340994,235,3B
45.25100037,19.87363709,236,3B
45.25080953,19.87389509,237,3B
45.25068532,19.87406516,238,3B
45.2505611,19.87423522,239,3B
45.25053012,19.87427554,240,3B
45.25048419,19.87433962,241,3B
45.25042928,19.87441443,242,3B
45.25016657,19.874743,243,3B
45.24997526,19.87499781,244,3B
45.2498763,19.87513393,245,3B
45.24977639,19.87525731,246,3B
45.24968859,19.87536242,247,3B
45.24961683,19.87546217,248,3B
45.24949031,19.87563701,249,3B
45.24942823,19.87571773,250,3B
45.24936191,19.87579845,251,3B
45.2490508,19.87625174,252,3B
45.24888581,19.8764918,253,3B
45.24880237,19.87662189,254,3B
45.24873214,19.8767399,255,3B
45.24851309,19.87708591,256,3B
45.24837949,19.8772683,257,3B
45.24831363,19.87736084,258,3B
45.24824353,19.87746544,259,3B
45.24814085,19.877619,260,3B
45.24803345,19.87777255,261,3B
45.24792675,19.87790331,262,3B
45.24787057,19.87797406,263,3B
45.24781675,19.87804212,264,3B
45.24751815,19.87837471,265,3B
45.24737357,19.878539,266,3B
45.24721152,19.87871133,267,3B
45.24708004,19.8788508,268,3B
45.246958,19.87898692,269,3B
45.24678639,19.87917116,270,3B
45.24661289,19.87934332,271,3B
45.24645072,19.87949872,272,3B
45.24631865,19.87959252,273,3B
45.24618705,19.87969168,274,3B
45.24600895,19.87982277,275,3B
45.24581857,19.87994716,276,3B
45.2456348,19.88006081,277,3B
45.24553914,19.88011764,278,3B
45.24544253,19.88018654,279,3B
45.24481828,19.88062005,280,3B
45.24450804,19.88083681,281,3B
45.24419402,19.88104552,282,3B
45.24370148,19.88139186,283,3B
45.24336786,19.88160795,284,3B
45.24317933,19.88173275,285,3B
45.24313374,19.88176546,286,3B
45.24308531,19.88179616,287,3B
45.24295445,19.88188371,288,3B
45.24283878,19.88197122,289,3B
45.24271555,19.88206945,290,3B
45.2426249,19.88213852,291,3B
45.24255549,19.88221228,292,3B
45.24238411,19.88238931,293,3B
45.24222712,19.88257002,294,3B
45.24207296,19.88276012,295,3B
45.2417368,19.88318861,296,3B
45.24157957,19.88340553,297,3B
45.24149529,19.88353075,298,3B
45.24142801,19.88364458,299,3B
45.24138646,19.88372186,300,3B
45.24119949,19.88393459,301,3B
45.2410687,19.88408161,302,3B
45.24099859,19.88415713,303,3B
45.24092942,19.88423333,304,3B
45.24067351,19.88445159,305,3B
45.24052242,19.8845748,306,3B
45.24037322,19.88469198,307,3B
45.24010834,19.88490019,308,3B
45.23996787,19.88500563,309,3B
45.23982787,19.88511644,310,3B
45.23956936,19.8853223,311,3B
45.23942122,19.88544267,312,3B
45.23935659,19.88549413,313,3B
45.23930235,19.8855456,314,3B
45.23911962,19.88568221,315,3B
45.23902637,19.88575521,316,3B
45.23650599,19.88774201,317,3B
45.23628459,19.88772154,318,3B
45.23612667,19.88775958,319,3B
45.23598764,19.88788882,320,3B
45.26510275,19.83000845,1,64A
45.26519077,19.82987635,2,64A
45.26518817,19.82965842,3,64A
45.26511761,19.82950486,4,64A
45.26501685,19.82943714,5,64A
45.26466053,19.82959673,6,64A
45.26431175,19.82985288,7,64A
45.26408521,19.83013719,8,64A
45.26374162,19.83031422,9,64A
45.26333006,19.83057171,10,64A
45.26242388,19.8310867,11,64A
45.26189526,19.83139247,12,64A
45.26100794,19.83186454,13,64A
45.26005263,19.83236343,14,64A
45.25922568,19.83282477,15,64A
45.25809287,19.83345777,16,64A
45.25705066,19.83404249,17,64A
45.25581584,19.83475596,18,64A
45.25485667,19.83527631,19,64A
45.25342543,19.83604878,20,64A
45.25268147,19.83647257,21,64A
45.25126151,19.83723432,22,64A
45.25027204,19.83780295,23,64A
45.24879159,19.83859688,24,64A
45.24785496,19.83913332,25,64A
45.24824397,19.84066218,26,64A
45.24861031,19.84232515,27,64A
45.24888223,19.84347314,28,64A
45.249309,19.84476596,29,64A
45.24941852,19.84494299,30,64A
45.24949028,19.84520584,31,64A
45.24971688,19.84590858,32,64A
45.25001146,19.84694928,33,64A
45.25028337,19.84780222,34,64A
45.25120486,19.84720677,35,64A
45.25146922,19.84705925,36,64A
45.25176379,19.84707266,37,64A
45.25226606,19.84731406,38,64A
45.25272301,19.84746426,39,64A
45.25331591,19.84771103,40,64A
45.25371243,19.84825283,41,64A
45.25383328,19.84917015,42,64A
45.25396167,19.85062927,43,64A
45.25411273,19.85243171,44,64A
45.25436952,19.85485643,45,64A
45.25457722,19.85687882,46,64A
45.25480002,19.85909432,47,64A
45.25491331,19.86068755,48,64A
45.25474715,19.86242563,49,64A
45.2545961,19.8636058,50,64A
45.25401832,19.8648718,51,64A
45.25332724,19.86592323,52,64A
45.25295715,19.86656964,53,64A
45.25270791,19.86725897,54,64A
45.25251531,19.86839086,55,64A
45.25248132,19.86954421,56,64A
45.25234159,19.87165242,57,64A
45.2522113,19.87200111,58,64A
45.25154475,19.87289697,59,64A
45.25094428,19.87373382,60,64A
45.2504571,19.87442046,61,64A
45.24966401,19.87539679,62,64A
45.24872739,19.87679154,63,64A
45.24807401,19.87770885,64,64A
45.24743574,19.87844378,65,64A
45.24683522,19.87916261,66,64A
45.24591744,19.87990826,67,64A
45.24485613,19.88062173,68,64A
45.24340197,19.88160878,69,64A
45.24257479,19.88196284,70,64A
45.24161539,19.88262802,71,64A
45.24123012,19.88290697,72,64A
45.24079196,19.88312155,73,64A
45.24012716,19.88333613,74,64A
45.239621,19.88352925,75,64A
45.2387711,19.88390476,76,64A
45.23779275,19.88429636,77,64A
45.2363082,19.88491863,78,64A
45.23584545,19.8849535,79,64A
45.23538269,19.88492399,80,64A
45.23478961,19.88476843,81,64A
45.23411718,19.8847577,82,64A
45.23370352,19.88476038,83,64A
45.23328986,19.88472015,84,64A
45.23308586,19.8846665,85,64A
45.23260231,19.88495082,86,64A
45.23238792,19.88510236,87,64A
45.23220375,19.88529682,88,64A
45.23187319,19.88569647,89,64A
45.23130274,19.88630801,90,64A
45.23098728,19.88659501,91,64A
45.23065672,19.88681763,92,64A
45.23040171,19.88697588,93,64A
45.23025248,19.88700539,94,64A
45.229648,19.8869732,95,64A
45.22893396,19.88686591,96,64A
45.22811412,19.88681227,97,64A
45.22775331,19.88678813,98,64A
45.22742273,19.88683909,99,64A
45.22708647,19.8869276,100,64A
45.22676533,19.88705903,101,64A
45.22634595,19.88724142,102,64A
45.22547696,19.88734335,103,64A
45.22466841,19.88739163,104,64A
45.22397697,19.88754183,105,64A
45.22361614,19.88759547,106,64A
45.2232553,19.88767058,107,64A
45.22295491,19.88771886,108,64A
45.22265453,19.88781005,109,64A
45.22209909,19.88811046,110,64A
45.22136984,19.88868445,111,64A
45.22079172,19.88910288,112,64A
45.22015314,19.88947302,113,64A
45.21948432,19.88980561,114,64A
45.21886084,19.89014894,115,64A
45.2182827,19.89053518,116,64A
45.21787081,19.89077657,117,64A
45.21736824,19.89078194,118,64A
45.21671072,19.89084631,119,64A
45.21629694,19.89088655,120,64A
45.21588315,19.89095896,121,64A
45.21522184,19.89110917,122,64A
45.21460209,19.89128083,123,64A
45.21393698,19.89138275,124,64A
45.21335501,19.89139885,125,64A
45.21234221,19.89147395,126,64A
45.21183581,19.89151686,127,64A
45.21148056,19.89137739,128,64A
45.21065291,19.89075512,129,64A
45.20994241,19.89023477,130,64A
45.20913742,19.88964468,131,64A
45.20885397,19.88942742,132,64A
45.20857051,19.88934964,133,64A
45.20805273,19.88921553,134,64A
45.207637,19.88916188,135,64A
45.20705874,19.88912433,136,64A
45.20648803,19.88921553,137,64A
45.2061611,19.88928795,138,64A
45.20584173,19.88943547,139,64A
45.20529369,19.88977879,140,64A
45.20469273,19.89016503,141,64A
45.20433367,19.89035547,142,64A
45.2039746,19.89044935,143,64A
45.20353426,19.89050299,144,64A
45.20309392,19.89050299,145,64A
45.20289738,19.89050835,146,64A
45.20270083,19.8904708,147,64A
45.20231529,19.89038497,148,64A
45.20156688,19.8902455,149,64A
45.20071263,19.89007384,150,64A
45.20029495,19.89005238,151,64A
45.19987727,19.89008456,152,64A
45.19915907,19.89012212,153,64A
45.19836526,19.89027768,154,64A
45.19747316,19.89061564,155,64A
45.19692882,19.89087313,156,64A
45.19664153,19.891195,157,64A
45.196513,19.89107162,158,64A
45.19616522,19.89156514,159,64A
45.19571916,19.89216596,160,64A
45.19523529,19.8927024,161,64A
45.19467958,19.89329785,162,64A
45.1944263,19.89364386,163,64A
45.1941201,19.89385039,164,64A
45.19385169,19.89390939,165,64A
45.19358328,19.89401132,166,64A
45.19308427,19.89417225,167,64A
45.1926533,19.89424735,168,64A
45.19220721,19.89438146,169,64A
45.19159855,19.8946175,170,64A
45.19141709,19.89467651,171,64A
45.19144733,19.8948428,172,64A
45.19142087,19.89476234,1,64B
45.19147001,19.89497155,2,64B
45.19207489,19.89463896,3,64B
45.19286123,19.89439756,4,64B
45.19327518,19.89431307,5,64B
45.19373261,19.89420578,6,64B
45.19423351,19.89407703,7,64B
45.19448112,19.89390269,8,64B
45.19469471,19.89365324,9,64B
45.1950803,19.89318922,10,64B
45.19540729,19.89278689,11,64B
45.19592518,19.89220485,12,64B
45.1964185,19.89155844,13,64B
45.19673981,19.89107296,14,64B
45.19691654,19.89089191,15,64B
45.19723312,19.89071622,16,64B
45.19779069,19.89050165,17,64B
45.19804774,19.89036351,18,64B
45.19829722,19.89030585,19,64B
45.19878296,19.89019319,20,64B
45.19941044,19.89011005,21,64B
45.2000228,19.89008322,22,64B
45.20059168,19.89006981,23,64B
45.20128529,19.89017978,24,64B
45.20183903,19.89030316,25,64B
45.2025383,19.89044532,26,64B
45.20302683,19.89050835,27,64B
45.20351536,19.89050701,28,64B
45.20415035,19.89041314,29,64B
45.20469462,19.89016369,30,64B
45.20534094,19.8897399,31,64B
45.20565748,19.88953605,32,64B
45.2059778,19.88936976,33,64B
45.20655418,19.88920346,34,64B
45.20694158,19.88914981,35,64B
45.20732708,19.88913104,36,64B
45.20790156,19.88918468,37,64B
45.20844012,19.88931343,38,64B
45.20891444,19.88946363,39,64B
45.20947189,19.88988742,40,64B
45.20990084,19.89019319,41,64B
45.21046395,19.8906143,42,64B
45.2110384,19.891022,43,64B
45.21156937,19.89142165,44,64B
45.2117555,19.89149004,45,64B
45.21223262,19.89147261,46,64B
45.21269934,19.8914592,47,64B
45.21346649,19.8914136,48,64B
45.21417128,19.89134923,49,64B
45.21491574,19.89119634,50,64B
45.21570176,19.8910059,51,64B
45.21609855,19.8909308,52,64B
45.21665026,19.8908557,53,64B
45.21725298,19.8908101,54,64B
45.21778012,19.89076182,55,64B
45.21800685,19.89070952,56,64B
45.21822224,19.89057675,57,64B
45.21851509,19.89039704,58,64B
45.21906867,19.89003226,59,64B
45.21954667,19.88977477,60,64B
45.22011158,19.88948241,61,64B
45.22081062,19.88910154,62,64B
45.22132639,19.88873139,63,64B
45.22193284,19.88824591,64,64B
45.22227952,19.8879911,65,64B
45.22264886,19.88781139,66,64B
45.22307582,19.88768533,67,64B
45.22334881,19.88766521,68,64B
45.2236218,19.88759145,69,64B
45.22415266,19.88750294,70,64B
45.22467974,19.88738224,71,64B
45.2252616,19.88736346,72,64B
45.22586045,19.88732055,73,64B
45.22639507,19.88722935,74,64B
45.22667371,19.88708183,75,64B
45.22695613,19.88698259,76,64B
45.2274284,19.88680825,77,64B
45.22790633,19.88680556,78,64B
45.22835592,19.8868297,79,64B
45.22892074,19.88686189,80,64B
45.22940999,19.88691553,81,64B
45.22998047,19.886996,82,64B
45.23024587,19.88699868,83,64B
45.23038234,19.88697052,84,64B
45.23050749,19.88690481,85,64B
45.23100239,19.88659635,86,64B
45.2312744,19.88636032,87,64B
45.23166163,19.88594458,88,64B
45.23227175,19.8852177,89,64B
45.23273075,19.88486364,90,64B
45.23305375,19.88463566,91,64B
45.23375641,19.8847805,92,64B
45.23435706,19.88473758,93,64B
45.23492182,19.8847805,94,64B
45.23535625,19.88492265,95,64B
45.23579067,19.88498166,96,64B
45.23609288,19.88494948,97,64B
45.23674072,19.88471612,98,64B
45.2375,19.88440499,99,64B
45.23810817,19.88416091,100,64B
45.23864078,19.88393024,101,64B
45.23926593,19.88365933,102,64B
45.23984198,19.88345817,103,64B
45.2406692,19.88314435,104,64B
45.24130944,19.88289222,105,64B
45.24193834,19.88235578,106,64B
45.24214986,19.8822163,107,64B
45.24270888,19.88224044,108,64B
45.24314136,19.8818998,109,64B
45.24361915,19.8815833,110,64B
45.24416116,19.88119975,111,64B
45.24473715,19.88081887,112,64B
45.24526026,19.88044068,113,64B
45.24584568,19.88005713,114,64B
45.24643677,19.87961993,115,64B
45.24667849,19.87940803,116,64B
45.24691265,19.87915859,117,64B
45.24727145,19.87878844,118,64B
45.24765102,19.87835661,119,64B
45.24818165,19.8777853,120,64B
45.24863486,19.87714425,121,64B
45.24906729,19.87649247,122,64B
45.24954882,19.87575218,123,64B
45.24996425,19.87516209,124,64B
45.2504401,19.87447813,125,64B
45.25084231,19.87387195,126,64B
45.25144089,19.87305656,127,64B
45.25193373,19.87238333,128,64B
45.25225095,19.87194076,129,64B
45.25233309,19.87160817,130,64B
45.2523888,19.87124339,131,64B
45.25242845,19.87048969,132,64B
45.25246433,19.8697789,133,64B
45.25250398,19.86910567,134,64B
45.25256251,19.86808375,135,64B
45.25260877,19.86765727,136,64B
45.25272301,19.86726299,137,64B
45.25285424,19.86684591,138,64B
45.25300436,19.86646637,139,64B
45.25342165,19.865769,140,64B
45.25401643,19.8648946,141,64B
45.25436763,19.86447081,142,64B
45.25456778,19.86400679,143,64B
45.25462631,19.86375868,144,64B
45.25462442,19.86352131,145,64B
45.25468484,19.8627837,146,64B
45.25479247,19.86189589,147,64B
45.25490576,19.86092493,148,64B
45.25491142,19.86042872,149,64B
45.25488688,19.85993788,150,64B
45.25472449,19.85846937,151,64B
45.25439218,19.85477865,152,64B
45.25410518,19.85149562,153,64B
45.25374264,19.84850228,154,64B
45.25369733,19.84759033,155,64B
45.25338766,19.84767616,156,64B
45.25288162,19.8475045,157,64B
45.25171847,19.8470217,158,64B
45.25133704,19.8469305,159,64B
45.25060816,19.84756887,160,64B
45.25026827,19.84778345,161,64B
45.24967156,19.8458308,162,64B
45.24939586,19.84480083,163,64B
45.24918059,19.8441571,164,64B
45.2487425,19.8422581,165,64B
45.24827418,19.84035909,166,64B
45.24800981,19.83922184,167,64B
45.24973199,19.83830988,168,64B
45.25104624,19.83756959,169,64B
45.25251153,19.83677566,170,64B
45.25452813,19.83564913,171,64B
45.2565522,19.83451188,172,64B
45.25881787,19.83326733,173,64B
45.26127225,19.83187258,174,64B
45.26385489,19.83048856,175,64B
45.26413807,19.83033702,176,64B
45.26441369,19.83034372,177,64B
45.26505178,19.83005002,178,64B